,Mean,Median,90th percentile,95th percentile
CISO,12.933958257150767,9.722116112241666,28.150402057095594,35.095741903649355
